source,target
!,!
"""",""""
#,#
&,&
',""""
'70s,70erJahre
'all,"""alle"
'd,'d
'hara,'Hara
'i,'i
'll,'ll
'm,'m
'mon,'MO
'n,'n
're,'re
'roll,'Roll
's,'s
'the,"""Die"
've,'ve
(,(
),)
*,*
+,+
",",","
-,--
--,--
.,.
..,..
...,...
....,....
.....,.....
/,/
1/2,1/2
10/10,10/10
100%,100%
18th,18.
1930s,1930
1950s,1950
1980s,1980er
1990s,1990erJahre
1st,1.
2-disc,2-Disc
2.0,"2,0"
2.35,"2,35"
2.5,"2,5"
21st,21.
3/5,3/5
3rd,3.
4.5,"4,5"
4/5,4/5
5-star,5-Sterne-
5.1,"5,1"
5/5,5/5
5th,5.
60s,60s
70s,70s
8/10,8/10
80s,80s
9/10,9/10
90s,90s
;,;
<happy>,<happy>
<num>,<num>
=,=
?,?
@,@
[,[
],]
`,""""
a,a
aaron,aaron
ab,ab
abilities,Fähigkeiten
ability,Fähigkeit
able,fähig
abomination,Greuel
abortion,Abtreibung
about,über
above,über
absent,abwesend
absolute,absolute
absolutely,absolut
absorb,absorbieren
abstract,Zusammenfassung
absurd,absurd
abused,missbraucht
abusive,missbräuchlichen
abysmal,abgründigen
academic,akademischen
academy,Akademie
accent,Akzent
accents,Akzente
accept,akzeptieren
acceptable,annehmbar
accepted,Wirakzeptieren
accessible,zugänglich
accident,Unfall
accidental,zufällige
acclaimed,gefeiert
according,nach
account,Konto
accurate,akkurat
accustomed,gewohnt
ace,As
achieved,erreicht
achievement,Leistung
acoustic,Beschallung
acquired,erworben
across,über
act,Akt
acted,gehandelt
acting,Handeln
action,Aktion
active,aktiv
activities,Aktivitäten
actor,Schauspieler
actors,Akteure
actress,Schauspielerin
actresses,Schauspielerinnen
acts,Handlungen
actual,tatsächlichen
actually,tatsächlich
ad,ad
adam,adam
adams,adams
adapt,Anpassung
adaptation,Anpassung
adapted,angepasst
add,hinzufügen
added,hat
addictive,süchtig
adding,Hinzufügen
addition,Darüberhinaus
additional,zusätzliche
address,Adresse
addresses,Adressen
addressing,Adressierung
adds,fügt
adequately,angemessen
admirable,bewundernswerte
admire,bewundern
admission,Zulassung
admit,zugeben
admits,räumt
adopted,angenommen
adorable,adorable
adult,Erwachsener
adults,Erwachsene
advance,Voraus
advanced,Fortgeschrittene
advantage,Vorteil
adventure,Abenteuer
adventures,Abenteuer
adventurous,Abenteurer
advice,Rat
advise,beraten
affair,Affäre
affected,betroffen
aforementioned,genannten
afraid,ängstlich
african,african
after,nach
afterward,danach
again,erneut
against,gegen
age,Alter
aged,imAltervon
agenda,Tagesordnung
agent,Agent
ages,Alter
aging,Alterung
ago,vor
agree,zustimmen
agreed,vereinbart
ah,ah
ahead,vor
ai,ai
aids,Beihilfen
aimed,Ziel
aims,Ziele
aint,istnicht
air,Luft
airplane,Flugzeug
airplay,Airplay
airport,Flughafen
aka,aka
akin,verwandt
akira,akira
al,al
alan,alan
albert,albert
album,Album
albums,Alben
alcoholic,Alkoholiker
alert,Alarm
alex,alex
alfred,alfred
alien,Ausländer
aliens,Aliens
alike,gleichermaßen
alive,lebendig
all,alle
all-time,all-time
allowed,erlaubt
allows,ermöglicht
almost,fast
alone,allein
along,entlang
alongside,neben
alot,sehr
already,bereits
alright,alright
also,auch
altered,verändert
alternate,Stellvertreter
alternative,Alternative
although,obwohl
altogether,insgesamt
always,immer
am,am
amateurish,dilettantisch
amazed,Staunen
amazing,erstaunlich
amazingly,erstaunlich
amazon,amazon
ambience,Ambiente
ambient,ambient
ambition,Ehrgeiz
america,america
american,american
americans,Amerikaner
among,unter
amount,Betrag
amusing,amüsant
amy,amy
an,ein
anamorphic,anamorph
anchor,Anker
ancient,alten
and,und
and/or,und/oder
anderson,anderson
andy,andy
angel,Engel
angeles,angeles
angelina,angelina
anger,Zorn
angry,wütend
angst,angst
animated,animiert
animation,Animation
anime,anime
ann,ann
anna,anna
anniversary,Jubiläum
annoyed,verärgert
annoying,ärgerlich
another,einanderer
answer,Antwort
answers,Antworten
anthem,Hymne
anthems,Hymnen
anthony,anthony
anticipation,Vorfreude
any,beliebig
anybody,anybody
anymore,mehr
anyone,irgendjemand
anything,irgendetwas
anytime,jederzeit
anyway,immerhin
anyways,anyways
anywhere,überall
apart,abgesehen
apartment,Wohnung
apparent,scheinbaren
apparently,scheinbar
appeal,Rechtsmittel
appealing,ansprechenden
appear,erscheinen
appearance,Aussehen
appearances,Auftritte
appeared,erschienen
appears,erscheint
application,Anwendung
applications,Anwendungen
applied,Anwendung
appreciate,schätzen
appreciated,geschätzt
appreciation,Wertschätzung
approach,Herangehensweise
approached,näherte
appropriate,entsprechende
april,April
arc,arc
architect,Architekt
architecture,Architektur
are,sind
area,Bereich
areas,Bereiche
arena,Arena
argento,argento
arguably,wohl
argue,"argumentieren,"
argument,Argument
arguments,Argumente
arm,Arm
arms,Arme
armstrong,armstrong
army,Armee
arose,entstanden
around,ringsherum
arranged,angeordnet
arrangement,Anordnung
arrangements,Vereinbarungen
arrival,Ankunft
arrived,angekommen
arrives,kommt
arrogant,arrogant
art,Kunst
articles,Artikel
articulate,artikulieren
artist,Künstler
artistic,Kunst
artistry,Artistik
artists,Künstler
artwork,Artwork
as,wie
ashamed,schämen
ashley,ashley
asia,asia
aside,Flächenstilllegung
ask,fragen
asked,bat
asking,fragen
asleep,Einschlafen
aspect,Aspekt
aspects,Aspekte
aspiring,aufstrebende
ass,Esel
assault,Angriff
assets,Vermögenswerte
assist,unterstützen
assortment,Sortiment
assume,übernehmen
assumed,angenommen
assumes,übernimmt
assuming,"vorausgesetzt,"
assumption,Annahme
assumptions,Annahmen
astonishing,erstaunlich
astounding,erstaunliche
at,bei
atlantic,atlantic
atmosphere,Atmosphäre
atmospheric,atmosphärischen
atrocious,grauenhaften
attacks,Angriffe
attempt,Versuch
attempted,versucht
attempting,Versuch
attempts,Versuche
attended,besucht
attention,Aufmerksamkeit
attitude,Haltung
attractive,attraktiv
audience,Publikum
audiences,Publikum
audio,Audio
august,August
aural,klanglichen
austen,Austen
austin,austin
australia,Australien
authenticity,Authentizität
author,Autor
authority,Behörde
autobiography,Autobiographie
available,verfügbar
average,Durchschnitt
avid,Avid
avoid,vermeiden
awake,wach
awards,Auszeichnungen
away,weg
awesome,ehrfürchtig
awful,furchtbar
awkward,ungeschickt
awsome,awsome
b,b
b-movie,b-movie
b-side,B-Seite
b-sides,B-Sides
baby,Baby
bach,bach
back,zurück
background,Hintergrund
backgrounds,Hintergrund
backing,Playbacks
backup,Backup
backwards,rückwärts
bad,schlecht
badly,schlecht
bag,bag
baker,Bäcker
balance,Gleichgewicht
balanced,ausgewogenen
balances,Salden
baldacci,Baldacci
ball,Ball
ballad,Ballade
ballads,Balladen
ballet,Ballett
banal,banal
band,Band
bands,Bands
bang,bang
banjo,banjo
bank,Bank
barbara,barbara
barber,Barbier
barely,kaum
bargain,Schnäppchen
barr,Barr
barry,barry
barrymore,Barrymore
base,Basis
baseball,Baseball
based,Basis
basic,grundlegende
basically,imGrunde
basics,Grundlagen
basis,Grundlage
bass,Bass
bassist,Bassist
bathroom,Bad
bathtub,Badewanne
battle,Kampf
be,sein
beach,Strand
bear,Bär
beat,schlagen
beatles,beatles
beats,Beats
beautiful,schön
beautifully,schön
beauty,Schönheit
became,wurde
because,weil
become,werden
becomes,wird
becoming,immer
bed,Bett
bee,Biene
beef,Rindfleisch
been,gewesen
beer,Bier
before,vor
began,begann
begin,beginnen
begining,Anfang
beginner,Anfänger
beginners,Anfänger
beginning,Anfang
beginnings,Anfänge
begins,beginnt
behavior,Verhalten
behind,hinter
behind-the-scenes,hinterdenKulissen
being,Wesen
beings,Wesen
belief,Glaube
beliefs,Überzeugungen
believable,glaubwürdig
believe,glauben
belong,gehören
belongs,gehört
beloved,Geliebte
below,unten
ben,ben
beneath,unter
benefit,Nutzen
benjamin,benjamin
bent,gebogen
berlin,berlin
berry,Beere
besides,ansonsten
best,bester
bet,bet
betrayal,Verrat
better,besser
between,zwischen
beware,Vorsicht
beyonce,beyonce
beyond,jenseits
bias,Bias
biased,voreingenommen
biblical,biblischen
big,groß
bigger,größer
biggest,größten
bill,Rechnung
billy,billy
bin,bin
biography,Biographie
bird,Vogel
birth,Geburt
birthday,Geburtstag
bit,bisschen
bite,Biss
bittersweet,bittersüß
bizarre,bizarre
black,schwarz
black-and-white,Schwarz-Weiß-
blah,blah
blame,Schuld
blames,tadelt
bland,bland
blast,Explosion
blatant,eklatanten
blazing,lodernden
bleed,bluten
blend,Mischung
blends,Mischungen
blessed,gesegnet
blew,blies
blind,blind
bliss,Glückseligkeit
blistering,Blasenbildung
block,Block
blood,Blut
bloom,Blüte
blow,Schlag
blowing,Blasen
blown,geblasen
blows,Schläge
blue,blau
bluegrass,Bluegrass
blues,Blues
blurry,verschwommen
board,Brett
boat,Boot
bob,bob
bobby,bobby
bodily,körperliche
body,Körper
bogus,Scheinselbständigkeit
bold,fett
bombing,Bombardierung
bond,Anleihe
bone,Knochen
bones,Knochen
bonus,Bonus
book,Buch
booklet,Broschüre
books,Bücher
bookstore,Buchhandlung
boom,Boom
boot,Boot
bootleg,Bootleg
borders,Grenzen
bore,Bohrung
bored,gelangweilt
boredom,Langeweile
boring,langweilig
born,geboren
borrow,leihen
both,beides
bother,behelligen
bothered,belästigt
bottom,Boden
bought,gekauft
bounce,Sprungkraft
bound,gebunden
boundaries,Grenzen
bounty,bounty
bow,Bogen
bowie,bowie
box,Feld
boy,Junge
boyfriend,Freund
boys,Jungen
brad,brad
brain,Gehirn
brainless,brainless
brains,Gehirn
bram,bram
brand,Marke
brass,Messing
bravo,bravo
brazilian,brazilian
break,Pause
breakdown,Aufschlüsselung
breaking,Brechen
breaks,Pausen
breakthrough,Durchbruch
breasts,Brüste
breath,Atem
breathe,atmen
breathtaking,atemberaubende
breezy,luftig
brew,Gebräu
brian,brian
bridge,Brücke
brief,kurze
bright,hell
brilliance,Brillanz
brilliant,brilliant
brilliantly,glänzend
bring,bringen
bringing,bringen
brings,bringt
brit,brit
britain,britain
british,british
broader,breiteren
broadway,broadway
brooks,Bäche
bros,bros
brother,Bruder
brothers,Brüder
brought,gebracht
brown,braun
bruce,bruce
brutal,brutal
btw,btw
bubbly,Schampus
buck,Buck
bucks,Böcke
budget,Haushalt
buff,buff
buffy,buffy
build,bauen
building,Gebäude
builds,baut
bulk,Masse
bullets,Kugeln
bumbling,bumbling
bummer,bummer
bump,Beule
bunch,Bund
burn,brennen
burned,verbrannt
bus,Bus
bush,Busch
business,Geschäft
businesses,Unternehmen
bust,Büste
but,aber
butchered,abgeschlachtet
butt,Tonne
button,Schaltfläche
buy,kaufen
buyer,Käufer
buying,kaufen
buzz,Heißdiskutiert
by,von
c,c
ca,ca
cab,cab
cabin,Kabine
call,rufen
called,genannt
calling,Aufruf
calls,fordert
calm,Ruhe
came,kam
camera,Kamera
cameron,cameron
camp,Lager
campbell,Campbell
camps,Lagern
can,können
canada,Kanada
canadian,canadian
canceled,abgebrochen
cancelled,storniert
cancer,Krebs
candidate,Kandidat
candle,Kerze
cannot,kannnicht
cant,cant
capable,Lage
capacity,Kapazität
captivated,Bann
captivating,fesselnd
capture,Capture
captured,gefangen
captures,erfasst
car,Auto
card,Karte
cardboard,Pappe
cardio,Cardio
care,sorgen
career,Karriere
careful,vorsichtig
carefully,sorgfältig
cares,Sorgen
carey,carey
caricature,Karikatur
caricatures,Karikaturen
caring,Pflege
carl,carl
carpenter,Zimmermann
carrie,Carrie
carried,durchgeführt
carries,trägt
carry,tragen
carter,Fuhrmann
cartoon,Karikatur
case,Fall
cash,Cash
casino,Casino
cassette,Kassette
cast,Stimmen
casting,Gießen
casual,casual
cat,Katze
catch,fangen
catchy,catchy
catholic,katholisch
cats,Katzen
caught,gefangen
cause,Ursache
causes,Ursachen
cd,cd
cds,cds
celebration,Feier
celebrity,celebrity
celluloid,Zelluloid
celtic,celtic
cent,o
center,Zentrum
centered,zentriert
central,Central/Neumühlequai
cents,Cent
centuries,Jahrhunderte
century,Jahrhundert
certain,bestimmt
certainly,sicher
chain,Kette
chainsaw,Kettensäge
chair,Stuhl
challenged,angefochten
challenges,Herausforderungen
challenging,Herausforderung
championship,Meisterschaft
chance,Chance
chances,Chancen
change,ändern
changed,verändert
changes,Änderungen
changing,ändern
channel,Kanal
chant,chant
chaos,Chaos
chaotic,chaotisch
chapter,Kapitel
chapters,Kapitel
character,Charakter
characterization,Charakterisierung
characters,Zeichen
charge,Gebühr
charged,zahlen
charles,charles
charlie,charlie
charlotte,charlotte
charm,Charme
charming,charmante
charts,Charts
chase,Jagd
cheap,billig
cheaper,billiger
cheated,betrogen
cheating,Betrug
check,prüfen
checked,geprüft
checking,Kontrolle
cheese,Käse
cheesy,cheesy
chefs,Köche
chemistry,Chemie
cherry,Kirsche
chicago,Chikago
chick,chick
chief,Chef
child,Kind
childhood,Kindheit
childish,kindisch
children,Kinder
chill,chill
chilling,Kühlen
choice,Wahl
choices,Entscheidungen
choir,Chor
choose,wählen
choppy,abgehackt
chops,Koteletts
chord,Akkord
chore,lästigePflicht
choreography,Choreographie
chorus,Chor
chose,wählte
chosen,gewählt
chris,chris
christ,christ
christian,christian
christians,Christen
christmas,christmas
chronic,chronische
chronicle,Chronik
chuck,chuck
church,Kirche
cinema,Kino
cinematic,Kino
cinematography,Kinematographie
circle,Kreis
circumstances,Umstände
circus,Zirkus
cities,Städte
citizens,Bürger
city,Stadt
civilization,Kultur
claim,fordern
claimed,behauptet
claiming,behauptet
claims,Forderungen
clarity,Klarheit
clark,clark
clarkson,Clarkson
clash,Zusammenstoß
class,Klasse
classes,Klassen
classic,Klassiker
classical,klassischen
classics,Klassiker
classy,classy
clay,Ton
clean,sauber
cleaned,gereinigt
clear,klar
clearly,klar
clever,klug
cliche,Klischee
cliched,klischeehaft
cliches,Klischees
climactic,Höhepunkt
climax,Höhepunkt
clinton,clinton
clipped,abgeschnitten
clips,Clips
clooney,Clooney
close,schließen
closely,eng
closer,näher
closest,amnächsten
closet,Schrank
clothes,Kleider
clown,Clown
clowns,Clowns
club,Club
clubs,Clubs
clue,Hinweis
clueless,clueless
clues,Hinweise
clumsy,ungeschickt
clutter,Krempel
coach,Trainer
coal,Kohle
coast,Küste
code,Code
cohen,cohen
coherent,kohärenten
cohesive,Zusammenhalt
cold,kalt
collaboration,Zusammenarbeit
collect,sammeln
collection,Sammlung
collections,Sammlungen
collectors,Sammler
college,College
color,Farbe
colorful,bunt
colors,Farben
coltrane,Coltrane
columbia,columbia
combination,Kombination
combined,kombiniert
combines,verbindet
combo,Kombinationsfeld
come,kommen
comedies,Komödien
comedy,Komödie
comes,kommt
comfort,Komfort
comfortable,komfortable
comforting,tröstlich
comic,Comic
coming,kommenden
comment,Kommentar
commentaries,Kommentare
commentary,Kommentar
commented,kommentiert
comments,Kommentare
commercial,Geschäfte
commercials,Werbespots
committed,verpflichtet
common,allgemein
commonly,allgemein
communicate,Kommunikation
communication,Kommunikation
communist,kommunistischen
companion,Begleiter
company,Firma
compare,vergleichen
compared,Vergleich
comparing,Vergleich
comparison,Vergleich
compassionate,compassionate
compelling,zwingenden
compete,konkurrieren
compilation,Zusammenstellung
compilations,Zusammenstellungen
complaining,klagen
complains,beklagt
complaint,Beschwerde
complaints,Beschwerden
complement,ergänzen
complete,abgeschlossen
completed,abgeschlossen
completely,komplett
complex,Komplex
composer,Komponist
compositions,Kompositionen
comprehend,begreifen
comprehensive,umfassende
computer,Computer
con,con
concept,Konzept
concepts,Konzepte
concern,Belang
concerned,betroffenen
concerning,über
concerns,Bedenken
concert,Konzert
concerto,Konzert
concerts,Konzerte
concise,prägnant
conclude,schließen
concluding,Abschluss
conclusion,Abschluss
concrete,Beton
condescending,herablassend
condition,Zustand
confess,bekennen
conflict,Konflikt
confront,konfrontieren
confused,verwirrt
confusing,verwirrend
connection,Verbindung
connery,connery
cons,Nachteile
consequences,Folgen
conservative,konservativ
consider,prüfen
considerable,erhebliche
considered,als
considering,Prüfung
consistent,Einklang
consistently,konsequent
consists,besteht
constant,Konstante
constantly,ständig
consumers,Verbraucher
consumption,Verbrauch
contact,Kontakt
contain,enthalten
contained,enthalten
contains,enthält
contemplative,kontemplativen
contemporaries,Zeitgenossen
contemporary,zeitgenössische
content,Inhalt
contents,Inhalt
contest,Wettbewerb
continue,weiter
continues,weiter
contract,Vertrag
contradictory,widersprüchlich
contrast,Kontrast
contrived,gekünstelt
control,Kontrolle
controversial,umstritten
convenience,Bequemlichkeit
convenient,bequem
conventional,konventionellen
conversation,Gespräch
conversations,Gespräche
conveyed,vermittelt
conveys,vermittelt
convinced,"davonüberzeugt,"
convincing,überzeugend
convincingly,überzeugend
convoluted,gewunden
cookbook,Kochbuch
cookbooks,Kochbücher
cooking,Kochen
cool,kühl
cooper,Cooper
cop,cop
cope,fertig
copied,kopiert
copies,Kopien
coping,Bewältigung
copy,kopieren
core,Kern
cornwell,Cornwell
correct,richtig
correctly,korrekt
corrupt,korrupt
corruption,Korruption
cost,Kosten
costs,Kosten
costume,Kostüm
costumes,Kostüme
costuming,Kostüme
couch,Couch
could,könnte
couldnt,couldnt
count,count
counting,Zählen
countries,Länder
country,Land
counts,zählt
couple,Paar
courage,Mut
courageous,mutig
course,Kurs
courses,Kurse
courtesy,mitfreundlicherGenehmigung
cousin,Cousin
cousins,Cousins
cover,Decke
coverage,Abdeckung
covering,für
covers,umfasst
cow,Kuh
cowboy,Cowboy
crack,crack
cracked,geknackt
crafted,Handarbeit
craig,craig
crank,Kurbel
crap,Mist
crappy,crappy
crazy,verrückt
cream,Sahne
create,erstellen
created,erstellt
creates,schafft
creating,Erstellen
creation,Schaffung
creative,kreative
creativity,Kreativität
creators,Schöpfer
creature,Kreatur
creatures,Kreaturen
credibility,Glaubwürdigkeit
credit,Kredit
credits,Credits
creek,Muskogee-Sprachen
creepy,creepy
crew,Belegschaft
crichton,Crichton
crime,Kriminalität
crimes,Verbrechen
cringe,lunge
crisis,Krise
crisp,knusprig
criterion,Kriterium
criticism,Kritik
critics,Kritiker
critique,Kritik
crosby,Crosby
cross,Kreuz
crossing,Kreuzung
crossover,Crossover
crow,Krähe
crowd,Menge
crunk,crunk
crushed,gebrochen
cry,weinen
crying,weinen
cube,Würfel
culinary,kulinarische
cult,Kult
cultural,Kultur
culture,Kultur
cultures,Kulturen
cup,Tasse
cure,Heilung
curious,neugierig
current,aktuell
currently,derzeit
curtis,curtis
customer,Kunde
cut,schneiden
cute,niedlich
cuts,Kürzungen
cutting,Schneiden
cynical,zynisch
d,d
dad,Papa
daily,täglich
damaging,beschädigen
dame,dame
damn,verdammen
dan,dan
dance,Tanz
danceable,tanzbare
dances,Tänze
dancing,Tanz
dangerous,gefährlich
daniel,daniel
daniels,daniels
danny,danny
dare,wagen
daring,Kühnheit
dark,dunkel
darker,dunkler
darkest,dunkelsten
darling,Liebling
darn,darn
date,Datum
dated,vom
daughter,Tochter
daughters,Töchter
dave,dave
david,david
davis,davis
day,Tag
days,Tag
de,de
dead,tot
deal,Handel
dealers,Händler
dealing,Umgang
deals,Angebote
dean,Dekan
dear,lieb
death,Tod
deaths,Gestorben
deaver,Deaver
deborah,Deborah
debut,Debüt
decade,Jahrzehnt
decades,Jahrzehnte
december,Dezember
decent,menschenwürdige
decide,entscheiden
decided,beschlossen
decides,entscheidet
decision,Entscheidung
dedication,Engagement
deeds,Taten
deep,tief
deeply,tief
defend,verteidigen
defense,Verteidigung
definately,definitiv
define,define
definetly,definitiv
definite,bestimmte
definitely,definitiv
definitive,endgültigen
degree,Grad
deleted,gelöscht
deliberately,absichtlich
delicious,delicious
delight,Freude
delighted,freuen
delightful,entzückende
deliver,liefern
delivered,geliefert
delivering,liefert
delivers,liefert
delivery,Lieferung
delta,Delta
deluxe,deluxe
demo,Demo
democratic,demokratischen
demons,Dämonen
demonstrates,zeigt
deniro,deniro
deny,leugnen
denzel,denzel
depend,hängen
depicted,dargestellt
depicting,Darstellung
depiction,Darstellung
depressing,bedrückend
depression,Depression
depth,Tiefe
depths,Tiefe
derek,derek
descent,Abstieg
describe,beschreiben
described,beschrieben
describes,beschreibt
describing,Beschreibung
description,Beschreibung
desert,Wüste
deserve,verdienen
deserved,verdient
deserves,verdient
deserving,verdient
design,Design
designs,Designs
desire,Wunsch
desired,gewünschte
desk,Schreibtisch
despair,Verzweiflung
desperate,verzweifelt
despite,trotz
destined,bestimmt
destiny,Schicksal
destruction,Zerstörung
detail,Detail
detailed,detaillierte
details,Details
detective,Detektiv
determination,Bestimmung
develop,entwickeln
developed,entwickelt
developing,Entwicklung
development,Entwicklung
develops,entwickelt
devil,Teufel
devoid,frei
di,di
dialog,Dialog
dialogue,Dialog
dialogues,Dialoge
diana,diana
diaries,Tagebücher
diatribe,Diatribe
did,tat
diddy,diddy
die,sterben
die-hard,die-hard
died,gestorben
dies,stirbt
difference,Unterschied
different,verschiedenen
differently,anders
difficult,schwer
difficulties,Schwierigkeiten
dig,dig
digital,digital
dignity,Würde
dimension,Dimension
dinosaur,Dinosaurier
dire,dire
direct,direkten
direct-to-video,Direct-to-Video
directed,Regie
directing,Regie
direction,Richtung
director,Direktor
directors,Direktoren
dirt,Schmutz
dirty,schmutzig
disapointment,Enttäuschung
disappears,verschwindet
disappoint,enttäuschen
disappointed,enttäuscht
disappointing,enttäuschend
disappointment,Enttäuschung
disaster,Katastrophe
disastrous,katastrophale
disc,CD
disco,Disco
discography,Diskographie
discourse,Diskurs
discover,entdecken
discovered,entdeckt
discovery,Entdeckung
discs,Discs
discusses,diskutiert
discussing,Diskussion
discussion,Diskussion
disease,Krankheit
disgrace,Schande
disgusted,Ekel
disgusting,ekelhaft
dishonest,unehrlich
disingenuous,unaufrichtig
disjointed,unzusammenhängend
disk,Festplatte
disks,Festplatten
dislike,Abneigung
disney,disney
display,Anzeige
displayed,angezeigt
displays,Displays
dissapointed,enttäuscht
dissapointing,dissapointing
dissapointment,dissapointment
distinct,deutliche
distorted,verzerrt
distortion,Verzerrung
distracted,abgelenkt
distracting,ablenken
diverse,diverse
diversity,Vielfalt
divided,geteilt
dj,dj
do,tun
doc,doc
doctor,Arzt
doctors,Ärzte
documentary,Dokumentarfilm
documents,Dokumente
does,tut
dog,Hund
dogg,dogg
dogs,Hunde
doing,Dabei
dollar,Dollar
dollars,Dollar
dolly,Dolly
don,don
done,getan
donna,donna
dont,dont
doo,doo
door,Tür
doors,Türen
dope,dope
doris,doris
double,Doppel-
doubt,Zweifel
down,abwärts
downhill,Abfahrt
download,herunterladen
downright,geradezu
downs,Abschreibungen
dr,dr
drab,eintönig
drag,ziehen
dragged,gezogen
drags,schleppt
drama,Drama
dramas,Dramen
dramatic,dramatischen
dramatically,dramatisch
draw,zeichnen
drawn,gezogen
dre,dre
dreadful,schrecklich
dream,Traum
dreams,Träume
dreamy,verträumte
dress,Kleid
drew,zog
drinking,Trinkwasser
drive,fahren
drivel,Gefasel
driven,getrieben
drives,Laufwerke
driving,Fahren
drone,Drohne
droning,Dröhnen
drop,Tropfen
dropped,gesunken
dropping,dropping
drug,Drogen
drugs,Drogen
drum,Trommel
drummer,Schlagzeuger
drumming,drumming
drums,Trommeln
dry,trocken
dual,Dual
dub,dub
dubbing,Überspielen
dud,dud
dude,Kumpel
due,fällig
duet,Duett
duets,Duette
duke,Herzog
dull,stumpf
dumb,dumm
dump,dump
dumped,gedumpten
duo,Duo
during,während
duvall,Duvall
dvd,dvd
dvds,DVDs
dylan,dylan
dynamic,Dynamik
dynamics,Dynamik
e.g,z.B.
each,jeder
eager,begierig
eagerly,eifrig
ear,Ohr
earl,Graf
earlier,früher
earliest,frühesten
early,früh
earn,verdienen
ears,Ohren
earth,Erde
ease,Leichtigkeit
easier,leichter
easily,leicht
easy,einfach
eaten,gegessen
eating,Essen
echo,echo
eclectic,eklektisch
economic,Wirtschaft
ed,ed
eddie,eddie
edge,Kante
edgy,edgy
edit,Bearbeiten
edited,edited
editing,Bearbeitung
edition,Auflage:
editor,Editor
educational,Bildungs-
edward,edward
eerie,unheimliche
effect,Wirkung
effective,wirksame
effectively,effektiv
effects,Auswirkungen
effort,Mühe
effortlessly,mühelos
efforts,Bemühungen
ego,Ich
eight,acht
either,entweder
el,el
election,Wahl
electric,Elektrisch
electronic,elektronische
electronica,electronica
elegant,elegant
element,Element
elementary,Elementarteilchen
elements,Elemente
eleven,elf
eliminate,beseitigen
elizabeth,elizabeth
ella,ella
ellington,Ellington
else,sonst
elsewhere,anderswo
elton,elton
embarassed,verlegen
embarrassing,peinlich
embarrassment,Verlegenheit
embrace,Umarmung
emma,emma
emo,emo
emotion,Emotion
emotional,emotionale
emotionally,emotional
emotions,Emotionen
emphasis,Schwerpunkt
emphasize,betonen
empire,Reich
employed,Arbeitnehmer
employees,Mitarbeiter
empty,leer
en,en
encounters,Begegnungen
end,Ende
ended,beendet
ending,Ende
endless,endlose
ends,endet
enemies,Feinde
enemy,Feind
energetic,energische
energy,Energie
engaging,Engaging
engineering,Engineering
england,England
english,Englisch
enhances,erhöht
enjoy,genießen
enjoyable,Spaß
enjoyed,genossen
enjoying,Genießen
enjoyment,Genuss
enjoys,genießt
eno,eno
enough,genug
ensemble,Ensemble
enter,GebenSie
entering,Eingabe
enterprise,Unternehmen
entertain,Unterhaltung
entertainer,Entertainer
entertaining,unterhaltsam
entertainment,Unterhaltung
entire,gesamten
entirely,ganz
entirety,Teilen
ep,ep
epic,Epos
epics,Epen
episode,Folge
episodes,Episoden
equal,equal
equally,gleich
er,ER
era,era
eric,eric
erotic,Erotik
error,Fehler
errors,Fehler
escape,Flucht
especially,vorallem
essence,Wesen
essential,wesentliche
essentially,imWesentlichen
etc,etc
eternal,ewige
ethan,ethan
europe,Europa
european,european
even,eben
evening,Abend
event,Veranstaltung
events,Veranstaltungen
eventually,schließlich
ever,jemals
every,jeder
everybody,alle
everyday,Alltag
everyone,jeder
everything,alles
everywhere,überall
evidence,Beweise
evil,böse
evocative,evocative
evolution,Evolution
evolved,entwickelt
exactly,genau
examination,Prüfung
examines,untersucht
examining,Prüfung
example,Beispiel
excellence,Exzellenz
excellent,ausgezeichnet
except,Ausnahme
exception,Ausnahme
exceptional,außergewöhnlichen
excited,aufgeregt
excitement,Aufregung
exciting,spannend
exclusively,ausschließlich
excuse,Entschuldigung
executed,ausgeführt
execution,Ausführung
executive,Exekutive
exercise,Übung
exercises,Übungen
existed,bestanden
existence,Existenz
existential,existentielle
existing,bestehenden
exists,existiert
exit,Ausfahrt
exotic,exotische
expand,Erweitern
expanded,erweitert
expect,erwarten
expectations,Erwartungen
expected,erwartet
expecting,erwartet
expensive,teuer
experience,Erfahrung
experimental,experimental
experiments,Experimente
experts,Experten
explain,erklären
explained,erklärt
explains,erklärt
explanation,Erklärung
exploitation,Ausbeutung
explore,erkunden
explores,erkundet
exploring,erkunden
exposed,ausgesetzt
exposure,Exposition
express,Ausdruck
expression,Ausdruck
expressive,expressive
exquisite,exquisite
extended,verlängert
extent,Umfang
extra,extra
extraordinary,außerordentliche
extras,Extras
extreme,extreme
extremely,extrem
eye,Auge
eyes,Augen
fabulous,fabelhafte
face,Gesicht
faced,konfrontiert
faces,Gesichter
facing,vor
fact,Tatsache
factors,Faktoren
facts,Fakten
factual,faktischen
fading,Fading
fail,scheitern
failed,gescheitert
fails,nicht
failure,Ausfall
fair,gerecht
fairly,ziemlich
faith,Glaube
faithful,treu
fake,Fälschung
fall,fallen
falling,fallen
falls,fällt
false,false
falsehood,Lüge
fame,Ruhm
familiar,vertraut
family,Familie
famous,berühmten
fan,Lüfter
fans,Fans
fantastic,phantastischen
fantasy,Phantasie
far,weit
fart,fart
fascinated,fasziniert
fascinating,faszinierende
fascination,Faszination
fashion,Mode
fashioned,fashioned
fast,schnell
faster,schneller
fat,fett
father,Vater
fault,Schuld
fave,fave
favor,Gunst
favorite,Favoriten
favorites,Favoriten
favourite,Favoriten
favourites,Favoriten
fear,Furcht
fears,Ängste
feature,Merkmal
featured,featured
features,Merkmale
featurette,Featurette
featurettes,featurettes
featuring,mit
feeding,Fütterung
feel,fühlen
feeling,Gefühl
feelings,Gefühle
feels,fühlt
fell,fällen
fellow,Kerl
felt,Filz
female,weiblich
femme,femme
festival,Festival
fever,Fieber
few,wenig
fiction,Fiktion
fictitious,fiktive
fiddle,Geige
fidelity,Treue
field,Feld
fields,Felder
fifteen,fünfzehn
fifth,fünfte
fifty,fünfzig
fight,Kampf
fighter,Kämpfer
fighting,Kämpfe
figurative,Bildmarke
figure,Figur
figured,bezifferten
figures,Zahlen
file,Datei
fill,füllen
filled,gefüllt
filler,Füllstoff
fills,füllt
film,Film
filmed,gefilmt
filming,Dreharbeiten
filmmakers,Filmemacher
films,Filme
final,endg.
finally,endlich
financial,finanzielle
financially,finanziell
find,finden
finding,Suche
finds,findet
fine,Bußgeld
finest,feinsten
fingers,Finger
finish,Finish
finished,fertig
finney,finney
fire,Feuer
fired,entlassen
firm,Firma
firmly,fest
firms,Unternehmen
first,zuerst
firth,firth
fish,Fisch
fit,passen
fits,passt
five,fünf
fix,reparieren
flair,Flair
flame,Flamme
flat,flach
flavor,Geschmack
flaw,Fehler
flawed,mangelhaft
flawless,einwandfreie
flaws,Mängel
flew,flog
flick,Flick
flight,Flug
flip,Flip
floor,Etage
flow,fließen
flowery,blumig
flows,fließt
fluff,Flaum
flute,Flöte
flying,fliegen
focus,Fokus
focused,konzentriert
focuses,konzentriertsich
focusing,Schwerpunkt
foley,Foley
folk,folk
folks,Leute
follow,folgen
follow-up,Follow-up
followed,gefolgt
following,folgend
follows,folgt
foods,Lebensmittel
fool,Narr
fooled,täuschen
fools,Narren
foot,Fuß
footage,Filmmaterial
for,für
force,Kraft
forced,gezwungen
forces,Kräfte
ford,ford
foreign,Außen-
foreigner,Ausländer
forest,Wald
forever,fürimmer
forget,vergessen
forgettable,forgettable
forgotten,vergessen
form,Form
format,Format
former,ehemaligen
formula,Formel
formulaic,formelhaft
fortunate,Glück
fortunately,zumGlück
fortune,Vermögen
forty,vierzig
forward,vorwärts
found,gefunden
foundation,Stiftung
four,vier
fox,Fuchs
fragile,fragile
franchise,Franchise
frank,frank
frankenstein,frankenstein
frankie,frankie
frankly,offen
freaks,Freaks
free,frei
freedom,Freiheit
french,französisch
frequently,häufig
fresh,frisch
freud,freud
friend,Freund
friends,Freunde
friendship,Freundschaft
friggin,friggin
frightening,beängstigend
from,von
front,vor
fruits,Früchte
frustrating,frustrierend
frustration,Frustration
full,voll
full-length,invollerLänge
fullest,vollsten
fullscreen,Vollbild
fully,voll
fun,Spaß
function,Funktion
funk,funk
funky,funky
funnier,lustiger
funniest,lustigste
funny,lustig
further,weiter
furthermore,darüberhinaus
fury,Wut
fusion,Fusion
future,Zukunft
fuzzy,Fuzzy
fx,fx
g,g
gabriel,gabriel
gain,gewinnen
galore,galore
game,Spiel
games,Spiele
gang,gang
garage,Garage
garbage,Müll
garden,Garten
garner,Garner
gary,gary
gate,Tor
gates,Tore
gave,gab
gay,Homosexuell
gee,gee
gem,gem
gems,Edelsteine
gender,Geschlecht
general,allgemeine
generally,allgemein
generated,generated
generation,Generation
generations,Generationen
generic,Generika
genius,Genie
genre,Genre
genres,Genres
gentle,sanfte
genuinely,wirklich
geographic,geographischen
geography,Geographie
george,george
gerald,gerald
german,Deutsch
germany,Deutschland
get,bekommen
gets,erhält
gettin,gettin
getting,Anreise
ghost,Gespenst
ghosts,Geister
giant,Riese
giants,Riesen
gift,Geschenk
gifts,Geschenke
gilbert,gilbert
girl,Mädchen
girlfriend,Freundin
girls,Mädchen
give,geben
given,gegeben
gives,gibt
giving,geben
glad,froh
glaring,grellen
glass,Glas
glenn,glenn
glimpse,Einblick
glorious,glorreiche
glory,Ruhm
glowing,glühenden
go,gehen
god,Gott
goes,geht
going,gehend
gold,Gold
goldberg,goldberg
golden,golden
gone,gegangen
gonna,gonna
goo,goo
good,gut
goodbye,AufWiedersehen
google,Google
gore,gore
gorgeous,hinreißend
gospel,Evangelium
got,bekam
gotten,bekommen
government,Regierung
grace,Gnade
graders,Grader
gradually,allmählich
graduate,Diplom
grainy,körnig
grammar,Grammatik
grand,grand
grandfather,Großvater
grandma,Oma
grandpa,Opa
graphic,Grafik
graphics,graphics
grasp,erfassen
grateful,dankbar
grating,Gitter
grave,Grab
great,großartig
greater,mehr
greatest,größten
greatly,stark
greatness,Größe
greedy,gierig
green,grün
greene,Greene
greg,greg
grew,wuchs
grey,grau
grief,Trauer
grim,grimmigen
gripping,Greifen
gritty,gritty
groove,Nut
grooves,Nuten
groovy,groovy
gross,Brutto-
grossly,grob
ground,Grund
groundbreaking,bahnbrechenden
group,Gruppe
groups,Gruppen
grow,wachsen
growing,wächst
grown,gewachsen
grows,wächst
growth,Wachstum
gruesome,grausigen
grunge,grunge
guarantee,Garantie
guaranteed,garantiert
guard,Wache
guess,raten
guessed,erraten
guessing,Erraten
guest,Bewertung
guests,Gäste
guide,Leitfaden
guilty,schuldig
guitar,Gitarre
guitarist,Gitarrist
guitarists,Gitarristen
guitars,Gitarren
gulf,Golf
gun,gun
guy,Kerl
guys,Jungs
gwen,gwen
habit,Gewohnheit
habits,Gewohnheiten
hack,hack
had,hatte
hair,Haar
half,einhalb
halfway,aufhalbemWeg
hall,Halle
hallmark,Markenzeichen
hamilton,hamilton
hammer,Hammer
hammond,hammond
hand,Hand
handling,Handhabung
hands,Hände
handsome,attraktiv
handy,handy
hank,hank
happen,passieren
happened,geschehen
happens,passiert
happiness,Glück
happy,glücklich
hard,hart
hardcore,hardcore
harder,härter
hardly,kaum
harm,Schaden
harmonies,Harmonien
harmony,Harmonie
harold,harold
harris,harris
harrison,Harrison
harry,harry
harsh,hart
harvard,harvard
has,hat
hat,Hut
hate,hassen
hated,haßte
hater,Hasser
haters,Hasser
hates,haßt
haunting,haunting
have,haben
having,unter
havoc,Verwüstung
hawaii,hawaii
he,er
head,Kopf
headache,Kopfschmerzen
headed,Leitung
heading,Position
headphones,Kopfhörer
heads,Köpfe
health,Gesundheit
healthy,gesund
hear,hören
heard,gehört
hearing,Anhörung
hears,hört
heart,Herz
heartbreaking,herzzerreißend
heartfelt,herzlichen
hearts,Herzen
heartwarming,herzerwärmend
heat,Hitze
heathers,Heidekraut
heaven,Himmel
heavier,schwerer
heavily,stark
heavy,schwer
heck,heck
heed,Acht
height,Höhe
heights,Höhen
heir,Erben
held,gehalten
hell,Hölle
hello,Hallo
help,Hilfe
helped,geholfen
helpful,hilfreich
helping,helfen
helps,hilft
hence,daher
henry,henry
hepburn,hepburn
her,ihr
here,hier
hero,Held
heroes,Helden
heroic,heroischen
heros,heros
hers,ihr
herself,sich
hesitate,zögern
hey,Hey
hi,hallo
hidden,versteckt
hide,verstecken
hides,Versteckt
hiding,Versteck
high,hoch
higher,höher
highest,höchsten
highlight,Highlight
highlights,Highlights
highly,hoch
highway,Autobahn
hilarious,Ausgelassen
hilariously,urkomisch
hill,Hügel
hills,Hügel
him,ihn
himself,sich
hint,Hinweis
hip,hip
hip-hop,Hip-Hop
hiphop,hiphop
hippie,Hippie
his,sein
hiss,Zischen
historian,Historiker
historical,historischen
history,Geschichte
hit,schlagen
hits,hits
hokey,hokey
hold,halten
holds,hält
hole,Loch
holes,Löcher
holiday,Urlaub
hollow,hohle
hollywood,hollywood
holmes,holmes
holocaust,Holocaust
holy,heilig
homage,Hommage
home,Heim
homeless,Obdachlose
honest,ehrlich
honestly,ehrlich
honesty,Ehrlichkeit
honey,Honig
honky,Honky
honor,Ehre
hood,Haube
hook,Haken
hooks,Haken
hop,hop
hope,Hoffnung
hoped,Hoffnung
hopefully,hoffentlich
hopelessly,hoffnungslos
hopes,Hoffnungen
hoping,Hoffnung
hopper,Trichter
horn,Horn
horns,Hörner
horrendous,horrenden
horrible,horrible
horribly,schrecklich
horrid,abscheulich
horror,Horror
horse,Pferd
hospital,Krankenhaus
hot,heiß
hour,Stunden
hours,Stunden
house,Haus
how,wie
however,jedoch
http,http
huge,riesig
hugh,hugh
huh,huh
human,Menschen
humanity,Menschlichkeit
humans,Menschen
humble,demütigen
humming,Summen
humor,Humor
humorous,humorvollen
humour,Humor
hundreds,Hunderte
hurt,verletzen
hurts,tutweh
husband,Ehemann
hype,Hype
hypnotic,hypnotischen
hypothesis,Hypothese
hysterical,hysterischen
i,i
idea,Idee
ideal,Ideal
ideas,Ideen
identified,identifiziert
ideological,ideologische
idiot,Idiot
idiotic,idiotisch
if,wenn
iggy,iggy
ignorant,unwissend
ignored,ignoriert
ignores,ignoriert
ii,ii
iii,iii
ill,krank
illogical,unlogisch
illustrations,Illustrationen
im,im
image,Bild
images,Bilder
imaginable,vorstellbar
imaginary,imaginären
imagination,Phantasie
imaginative,fantasievolle
imagine,vorstellen
imdb,imdb
imho,imho
imitation,Nachahmung
immediate,sofortige
immediately,sofort
immediatly,sofort
immensely,immens
impact,Auswirkungen
impacted,belastet
impeccable,tadellosen
implausible,unplausibel
implications,Auswirkungen
import,Import
importance,Bedeutung
important,wichtig
impossible,unmöglich
impress,beeindrucken
impressed,beeindruckt
impression,Eindruck
impressions,Impressionen
impressive,beeindruckende
improve,verbessern
improved,verbessert
improvement,Verbesserung
in,in
in-depth,eingehende
inaccuracies,Ungenauigkeiten
inaccurate,ungenau
inane,alberne
inappropriate,unangemessen
include,gehören
included,inbegriffen
includes,umfasst
including,einschließlich
incoherent,inkohärent
incompetent,inkompetent
incomplete,unvollständig
inconsistent,Widerspruch
incorrect,falsch
incorrectly,falsch
increase,erhöhen
incredible,unglaublich
incredibly,unglaublich
incubus,incubus
indeed,allerdings
independence,Unabhängigkeit
independent,Individuell
indians,Indianer
indicate,angeben
indication,Anzeige
indie,indie
individual,einzelnen
individuals,Personen
industrial,Industrie
industry,Industrie
inept,ungeschickt
inevitable,unvermeidlich
inexpensive,billig
inexplicable,unerklärlich
inexplicably,unerklärlicherweise
infamous,berüchtigte
infatuated,vernarrt
infectious,Infektionskrankheiten
inferior,inferior
influence,Einfluss
influenced,beeinflusst
influences,Einflüsse
influential,einflussreichsten
info,info
information,Informationen
informative,informativ
informed,informiert
ingredients,Zutaten
inhabitants,Einwohner
initial,ersten
initially,zunächst
innocence,Unschuld
innocent,unschuldig
innovative,innovative
insane,insane
inside,innen
insight,Einblick
insightful,aufschlussreiche
insights,Einblicke
insipid,faden
inspiration,Inspiration
inspirational,Inspiration
inspire,inspirieren
inspired,inspiriert
inspiring,inspirierend
instance,Beispiel
instant,Instant
instantly,sofort
instead,anstatt
insted,insted
instinct,Instinkt
instincts,Instinkte
institute,Institut
instruction,Unterricht
instructor,Instruktor
instrument,Instrument
instrumental,instrumental
instrumentals,Instrumentals
instrumentation,Instrumentierung
instruments,Instrumente
insufferable,unerträglich
insult,Beleidigung
insulting,Beleidigung
intellectual,geistigen
intellectually,intellektuell
intelligence,Intelligenz
intelligent,intelligente
intended,bestimmt
intense,intensive
intensity,Intensität
intention,Absicht
intentions,Absichten
interact,Interaktion
interaction,Interaktion
interactions,Wechselwirkungen
interest,Interesse
interested,interessiert
interesting,interessant
interests,Interessen
interlude,Zwischenspiel
intermediate,Zwischenziele
internet,Internet
interpretation,Auslegung
interpretations,Interpretationen
interview,Interview
interviews,Interviews
intimacy,Intimität
into,in
intricate,verwickelte
intrigued,fasziniert
intriguing,faszinierend
intro,intro
introduced,eingeführt
introduces,führt
introducing,Einführung
introduction,Einführung
introspective,Introspektion
invaluable,vonunschätzbaremWert
invented,erfunden
invested,investiert
investigation,Untersuchung
invisible,unsichtbar
invite,laden
involved,beteiligt
involvement,Beteiligung
involves,beinhaltet
involving,mit
ireland,Irland
ironic,Ironie
ironically,ironisch
irony,Ironie
irresponsible,unverantwortlich
irritated,gereizt
irritating,reizend
is,ist
islam,islam
issue,Angelegenheit
issued,ausgestellt
issues,Fragen
it,es
italian,Italienisch
italy,Italien
item,Element
its,ihre
itself,selbst
itunes,itunes
iz,iz
ja,ja
jack,jack
jacket,Jacke
jackson,jackson
jacques,jacques
jail,Gefängnis
jam,jam
james,james
jams,Staus
japanese,Japanisch
jarring,Erschütterungen
jason,jason
jaw,Kiefer
jaws,Kiefer
jay,jay
jazz,Jazz
jealousy,Eifersucht
jeff,jeff
jeffrey,jeffrey
jennifer,jennifer
jesse,jesse
jessica,jessica
jesus,jesus
jewel,Juwel
jews,Juden
jim,jim
job,Job
jobs,Jobs
joe,joe
john,john
johnny,johnny
johnson,johnson
join,beteiligen
joined,beigetreten
joke,Witz
jokes,Witze
jolie,jolie
jones,jones
joni,joni
jordan,Jordanien
joseph,joseph
journalist,Journalist
journey,Reise
joy,Freude
joyful,freudige
judas,judas
judd,Judd
judge,Richter
judging,Beurteilung
julie,julie
jump,direkt
jumped,sprang
jumping,Springen
jumps,Sprünge
jungle,Dschungel
junk,Junk
just,nur
justice,Gerechtigkeit
justify,rechtfertigen
juvenile,Jugendkriminalität
k,k
kane,kane
karaoke,Karaoke
kate,kate
keep,behalten
keeper,Halter
keeping,halten
keeps,hält
keith,keith
kelly,kelly
kept,gehalten
kevin,kevin
key,Schlüssel
keyboard,Tastatur
keyboards,Tastaturen
keys,Schlüssel
kick,kick
kicking,kicking
kicks,kicks
kid,kid
kidding,Scherz
kids,Kinder
kill,töten
killed,getötet
killer,killer
killers,Mörder
killing,Tötung
kim,kim
kind,freundlich
kinda,kinda
king,König
kiss,Kuss
knew,wusste
knight,Ritter
know,wissen
knowing,Wissen
knowledge,Wissen
knowledgeable,sachverständigen
known,bekannt
knows,weiß
kong,kong
koontz,Koontz
korean,Koreanisch
korn,korn
kurosawa,Kurosawa
kurt,kurt
l,l
l.a,la
la,la
label,Label
labor,Arbeit
laced,geschnürt
lack,Mangel
lacking,fehlt
lackluster,glanzlos
lacks,fehlt
ladies,Damen
lady,Dame
laid,gelegt
laid-back,laid-back
lambs,Lämmer
lame,lame
lancaster,lancaster
land,Land
landmark,Wahrzeichen
landscape,Landschaft
lane,Spur
language,Sprache
languages,Sprachen
large,große
larger,mehr
larry,larry
las,las
laser,Laser
last,dauern
lasted,dauerte
lasting,dauerhafte
lasts,dauert
late,spät
lately,inletzterZeit
later,später
latest,spätestens
latin,Latein
latter,Letzteres
laugh,lachen
laughable,lächerlich
laughing,Lachen
laughs,lacht
laura,laura
law,Recht
lawn,Rasen
lawyer,Rechtsanwalt
lay,legen
layer,Schicht
layered,geschichtet
layers,Schichten
layout,Layout
lays,legt
lazy,faul
le,le
lead,führen
leader,Führer
leading,führenden
leads,führt
league,Liga
leap,Sprung
leaps,Sprünge
learn,lernen
learned,gelernt
learning,Lernen
learns,lernt
least,geringste
leave,verlassen
leaves,Blätter
leaving,verlassen
led,geführt
lee,lee
left,verließ
legacy,Vermächtnis
legal,Rechtsgrundlage
legend,Legende
legendary,legendären
legs,Beine
leigh,leigh
length,Länge
lengths,Längen
lengthy,langwierige
lennon,lennon
leonard,Leonard
less,weniger
lesser,geringerer
lesson,Lektion
lessons,Unterricht
let,lassen
letdown,Enttäuschung
lets,können
letter,Schreiben
letters,Briefe
letting,Vermietung
level,Ebene
levels,Ebenen
lewis,lewis
li,li
liam,liam
liberal,liberal
liberals,Liberale
library,Bibliothek
license,Lizenz
licks,Licks
lie,Lüge
lies,liegt
life,Leben
lifeless,leblos
lifestyle,Lifestyle
lifted,hob
light,Licht
lighting,Beleuchtung
lightning,Blitz
lights,Lichter
like,wie
liked,gern
likely,wahrscheinlich
likes,mag
lil,lil
lily,Lilie
limited,begrenzt
limits,Grenzen
line,line
line-up,Aufstellung
liner,Liner
lines,Linien
link,Link
linked,verbunden
linkin,linkin
lion,Löwe
lips,Lippen
list,Liste
listed,aufgeführten
listen,hören
listened,angehört
listener,Zuhörer
listeners,Hörer
listening,Hören
listens,hört
listing,Inserat
lists,Listen
lite,lite
literally,wörtlich
little,klein
live,leben
lived,gelebt
lively,lebhaften
lives,Leben
living,Wohnzimmer
load,laden
loan,Darlehen
local,lokalen
located,Lage
location,Standort
locations,Standorte
locked,gesperrt
logic,Logik
logically,logisch
lois,Lois
lol,lol
london,london
loneliness,Einsamkeit
lonely,einsam
long,lang
longer,mehr
longest,längsten
look,Aussehen
looked,sah
looking,suchen
looks,sieht
loosely,locker
lord,Herr
los,los
lose,verlieren
loser,Verlierer
loses,verliert
losing,verlieren
loss,Verlust
lost,verloren
lot,viel
lots,Lose
loud,laut
louis,louis
lousy,lausig
love,Liebe
loved,geliebt
lovely,lieblich
lover,Liebhaber
lovers,Liebhaber
loves,liebt
loving,Liebe
low,niedrig
low-budget,Low-Budget-
lower,unteren
loyal,loyale
loyalty,Treue
lp,lp
lps,lps
lucas,lucas
luck,Glück
luckily,zumGlück
lucky,glücklich
lucy,lucy
ludicrous,lächerlich
lullaby,Wiegenlied
lush,üppig
luther,Luther
lyric,Lyrik
lyrical,lyrische
lyrically,lyrisch
lyricism,Lyrik
lyrics,lyrics
m,m
mac,mac
machine,Maschine
mad,irr
made,hergestellt
madonna,madonna
mafia,Mafia
magazine,Magazin
magic,Magie
magical,magische
magnificent,herrliche
mail,Mail
main,hauptsächlich
mainly,vorallem
mainstream,Mainstream
major,bedeutend
make,machen
make-up,Make-up
makers,Entscheidungsträger
makes,macht
making,machen
male,männlich
malevolent,böswillige
mall,Mall
mama,mama
man,Mann
manage,Verwaltung
managed,verwaltet
managers,Führungskräfte
manages,verwaltet
mandolin,Mandoline
manipulation,Manipulation
manner,Weise
mannerisms,Manieren
manual,Handbuch
many,viele
map,anzeigen
marc,marc
march,Marsch
marilyn,marilyn
mark,Marke
market,Markt
marketed,vermarktet
marketing,Marketing
markets,Märkte
marks,Marken
married,verheiratet
marry,heiraten
mars,mars
martha,martha
martin,martin
marvelous,wunderbar
marvin,marvin
mary,mary
masculine,männlich
massacre,Massaker
masses,Massen
massive,massive
master,Meister
masterful,meisterhafte
masterfully,meisterhaft
mastering,Mastering
masterpiece,Meisterwerk
masterpieces,Meisterwerke
mastery,Meisterschaft
match,abgleichen
material,Material
math,math
matter,Angelegenheit
mature,Ältere
maturity,Reife
max,max
may,dürfen
maybe,vielleicht
mc,mc
mccartney,mccartney
mcdonald,McDonald
me,mich
mean,bedeuten
mean-spirited,mean-spirited
meaning,Sinne
meaningless,sinnlos
means,bedeutet
meant,bedeutete
meat,Fleisch
mediocre,mittelmäßig
mediocrity,Mittelmäßigkeit
meet,begegnen
meeting,Besprechung
meetings,Sitzungen
meets,erfüllt
mel,mel
melancholy,Melancholie
mellow,mellow
melodic,melodische
melodies,Melodien
melodrama,Melodram
melodramatic,melodramatischen
melody,Melodie
member,Mitglied
members,Mitglieder
memoir,Memoiren
memorable,unvergesslichen
memories,Erinnerungen
memory,Speicher
men,Männer
mentality,Mentalität
mention,Erwähnung
mentioned,genannten
mentions,erwähnt
mentor,Mentor
merely,nur
merit,Verdienst
merits,Verdienste
mesmerized,hypnotisiert
mess,Durcheinander
message,Nachricht
messages,Nachrichten
met,begegnet
metal,Metall
metaphor,Metapher
metaphors,Metaphern
method,Methode
methods,Methoden
mexico,Mexiko
mi,mi
miami,miami
michael,michael
mick,mick
mid,Mitte
middle,Mitte
midnight,Mitternacht
midst,Mitte
mifune,Mifune
might,könnte
mighty,mächtigen
mike,mike
mildly,mild
miles,Meilen
military,Militär
miller,Müller
million,Mio.
millions,Millionen
mind,Verstand
mindless,mindless
mindset,Denkweise
mine,mein
mini,Mini
mini-series,Mini-Serie
minimal,minimal
minor,Moll
minority,Minderheit
mins,mins
minute,Minute
minutes,Minute
mirror,Spiegel
miserably,kläglich
misery,Elend
misguided,fehlgeleiteten
mislead,irreführen
misleading,irreführend
miss,fehlen
missed,verfehlt
misses,vermisst
missing,fehlend
missy,missy
mistake,Fehler
mistaken,verwechselt
mistakes,Fehler
mitchell,mitchell
mix,mix
mixed,gemischt
mixes,Mixe
mixing,Mischen
mixture,Mischung
mo,mo
mob,mob
mobb,mobb
mode,Modus
modern,modernen
mold,Schimmel
mom,Mama
moment,Moment
moments,Momente
money,Geld
monkey,Affen
mono,mono
monotonous,monotone
monster,Monster
monsters,Monster
month,Monat
months,Monat
monty,monty
mood,Laune
moody,launisch
moon,Mond
more,mehr
moreover,außerdem
morgan,morgan
morning,Morgen
moron,moron
morons,Idioten
morris,morris
morrison,morrison
mortal,sterblich
most,äußerst
mostly,meist
mother,Mutter
mothers,Mütter
motion,Bewegung
motorcycle,Motorrad
mountain,Berg
mountains,Berge
mouth,Mund
move,bewegen
moved,verschoben
movements,Bewegungen
moves,bewegt
movi,movi
movie,Film
movies,Filme
moving,Bewegung
mp3,mp3
mr,mr
mrs,mrs
ms,ms
mtv,mtv
much,viel
muddy,schlammig
multiple,mehrere
mummy,Mumie
mundane,mundane
murder,Mord
murdered,ermordet
murray,Murray
music,Musik
musical,Musical
musically,musikalisch
musician,Musiker
musicians,Musiker
musicianship,Musikalität
must,müssen
must-have,"must-have"""
must-see,must-see
muted,gedämpft
my,mein
myers,myers
myself,mich
mysterious,geheimnisvollen
mystery,Geheimnis
myths,Mythen
n,n
nail,Nagel
naive,naive
naked,nackt
name,Name
named,Namen
namely,nämlich
names,Namen
nanny,Kindermädchen
narrative,Erzählung
narrator,Erzähler
nas,nas
nasal,nasal
national,nationalen
natural,natürlichen
naturally,natürlich
nature,Natur
navigate,navigieren
navy,Marine
nazis,nazis
nbc,nbc
near,nahe
nearly,fast
necessarily,unbedingt
necessary,notwendig
neck,Hals
need,brauchen
needed,erforderlich
needs,Bedürfnisse
neeson,neeson
negative,negative
neighborhood,Nachbarschaft
neighbors,Nachbarn
neil,neil
neither,weder
nelly,nelly
nelson,nelson
nephew,Neffe
nerves,Nerven
nest,Nest
network,Netzwerk
never,nie
nevertheless,trotzdem
new,neu
newcomer,Newcomer
newest,neueste
newly,neu
newman,newman
news,News
newspaper,Zeitung
next,nächster
nice,nett
nicholson,Nicholson
nick,nick
nielsen,Nielsen
night,Nacht
nightmare,Alptraum
nights,Nächte
nine,neun
nineties,derneunzigerJahre
niro,niro
no,nein
nobody,niemand
noir,noir
noise,Geräusch
nolte,nolte
nominated,nominiert
nomination,Nominierung
non,nicht
non-existent,inexistent
non-stop,non-stop
none,keine
nonetheless,dennoch
nonsense,Unsinn
nonsensical,unsinnige
nope,nope
nor,noch
nora,nora
normal,normal
normally,inderRegel
north,Norden
nose,Nase
nostalgia,Nostalgie
nostalgic,Nostalgie
not,nicht
notable,bemerkenswert
notably,insbesondere
notch,Kerbe
note,Note
notes,Notizen
nothing,nichts
notice,Hinweis
noticed,bemerkt
novel,Roman
novice,Neuling
now,jetzt
nowhere,nirgends
nuanced,nuancierten
nuances,Nuancen
nuclear,Kernenergie
nude,nude
nudity,Nacktheit
number,Anzahl
numbers,Zahlen
nun,Nonne
nurse,Krankenschwester
nursery,Kindergarten
nuts,Nüsse
nwa,nwa
o,o
objects,Objekte
obligatory,obligatorisch
obnoxious,unausstehlich
observations,Bemerkungen
obsessed,besessen
obsessive,obsessiv
obsolete,veraltet
obtain,erhalten
obvious,klar
obviously,offensichtlich
occasional,gelegentliche
occasions,Gelegenheiten
ocean,Ozean
october,Oktober
odd,merkwürdig
oddly,seltsam
odds,Odds
ode,ode
of,von
off,aus
offbeat,offbeat
offensive,Offensive
offer,anbieten
offering,Angebot
offerings,Angebote
offers,Angebote
office,Büro
officially,offiziell
often,häufig
oftentimes,oft
oh,oh
ohio,ohio
ok,OK
okay,okay
ol,ol
old,alt
older,älteren
oldest,älteste
olds,Jährigen
omission,Unterlassung
omits,unterlässt
on,auf
once,einmal
one,eins
one-dimensional,eindimensionale
one-sided,einseitig
ones,diejenigen
ongoing,laufenden
only,nur
open,öffnen
opener,Öffner
opening,Eröffnung
openly,offen
opera,Oper
opinion,Meinung
opinions,Meinungen
opponent,Gegner
opportunity,Gelegenheit
opposite,gegenüber
oppression,Unterdrückung
option,Option
options,Optionen
or,oder
orchestra,Orchester
orchestral,Orchester
order,Auftrag
ordered,bestellt
ordering,Bestellung
ordinary,gewöhnlichen
organ,Orgel
organization,Organisation
organized,organisiert
origin,Herkunft
original,Original
originality,Originalität
originally,ursprünglich
originals,Originale
oscar,oscar
oscars,Oscars
other,andere
others,andere
otherwise,anderenfalls
ought,sollte
our,unser
ourselves,uns
out,aus
outdated,veraltet
outlaw,Outlaw
outlines,Konturen
output,Ausgang
outright,Siegwette
outside,außen
outstanding,ausstehenden
over,über
overacting,überkontrolliert
overall,überall
overlook,übersehen
overlooked,übersehen
overly,übermäßig
overplayed,überbewertet
overproduced,Überproduktion
overrated,überschätzt
overview,Überblick
owe,verdanken
owen,owen
owes,verdankt
own,eigen
owned,Besitz
owners,Eigentümer
owning,Eigentümer
p,p
p.s,ps
pace,Tempo
paced,paced
pacific,pacific
pacino,pacino
pack,Packung
package,Paket
packaging,Verpackung
packed,verpackt
page,Seite
pages,Seiten
paid,bezahlt
pain,Schmerz
painful,schmerzhaft
painfully,schmerzlich
paint,Farbe
painter,Maler
paintings,Gemälde
pair,Paar
palace,Palast
pale,blass
panther,Panther
pants,pants
paper,Papier
paperback,Paperback
papers,Papiere
par,par
parade,Parade
paradigm,Paradigma
paradise,Paradies
paragraph,Absatz
paragraphs,Absätze
parent,Eltern
parents,Eltern
paris,paris
park,Park
parking,Parkplätze
parody,Parodie
part,Teil
participants,Teilnehmer
participate,Teilnahme
particular,insbesondere
particularly,besonders
partner,Partner
parts,Teile
party,Party
pass,pass
passage,Passage
passing,Weitergabe
passion,Leidenschaft
passionate,Leidenschaft
past,Vergangenheit
patently,offensichtlich
path,Pfad
pathetic,pathetisch
patience,Geduld
patricia,patricia
patterson,Patterson
paul,paul
pay,zahlen
paying,Zahlung
pc,pc
peace,Frieden
peaceful,friedlichen
peak,Peak
pedal,Pedal
pedestrian,Fußgänger
peers,peers
penned,Feder
penny,Penny
people,Leute
peoples,Völker
pepper,Pfeffer
per,pro
percentage,Anteil
percussion,Percussion
perfect,perfekt
perfection,Perfektion
perfectly,perfekt
perform,durchführen
performance,Leistung
performances,Aufführungen
performed,durchgeführt
performer,Performer
performers,Künstler
performing,Durchführung
performs,führt
perhaps,vielleicht
period,Zeitraum
person,Person
personal,persönlichen
personalities,Persönlichkeiten
personality,Persönlichkeit
personally,persönlich
perspective,Perspektive
perverse,perverse
pet,pet
peter,Peter
petty,kleinlich
ph.d,ph.d
phenomenal,phänomenalen
phil,phil
philharmonic,Philharmonie
philosophical,philosophischen
phone,Telefon
photo,Foto
photographed,fotografiert
photographs,Fotografien
photography,Fotografie
phrases,Sätze
phrasing,Phrasierung
physical,physikalischen
pianist,Pianist
piano,Klavier
pick,Pick
picked,hob
picking,Kommissionierung
picks,nimmt
picture,Bild
pie,pie
piece,Stück
pieces,Stück
pierce,Pierce
pigeon,Taube
pilates,Pilates
pile,Stapel
pink,rosa
pipes,Rohre
pitiful,erbärmlich
pitt,pitt
pity,Mitleid
place,Platz
placed,platziert
placing,Platzierung
plague,Pest
plain,plain
plan,Plan
planet,Planeten
planned,geplant
planning,Planung
plans,Pläne
plant,Anlage
plastic,Kunststoff
platinum,Platin
play,spielen
played,gespielt
player,Spieler
players,Spieler
playful,spielerisch
playing,spielen
plays,spielt
pleasant,angenehmen
pleasantly,angenehm
please,bitte
pleased,zufrieden
pleasure,Vergnügen
plenty,viel
plot,Grundstück
plotline,Handlungsstrang
plots,Grundstücke
plus,plus
poem,Gedicht
poet,Dichter
poetic,poetische
poetry,Poesie
poignant,poignant
point,Punkt
pointed,wies
pointless,sinnlos
points,Punkte
police,Polizei
policies,Politik
policy,Politik
polished,poliert
political,politischen
politicians,Politiker
pompous,pompösen
poor,arm
poorly,schlecht
pop,pop
pop-rock,Pop-Rock
poppy,Mohn
popular,beliebt
porn,porn
portion,Teil
portrait,Porträt
portrayal,Darstellung
portrayed,dargestellt
portraying,Darstellung
poser,poser
poses,Posen
positive,positive
positively,positiv
possess,besitzen
possibilities,Möglichkeiten
possible,möglich
possibly,möglicherweise
post,post
posted,Gesendet
pot,Topf
potential,Potenzial
pound,Pfund
pounding,Schlagen
power,Kraft
powerful,leistungsstarke
practical,praktische
practically,praktisch
practice,Praxis
practices,Praktiken
praise,Lob
pray,beten
prayer,Gebet
precise,präzise
predecessor,Vorgänger
predictable,vorhersehbaren
prefer,bevorzugen
preferred,bevorzugt
prejudice,Vorurteile
premier,premier
premise,Prämisse
preparing,Vorbereitung
preposterous,widersinnig
presence,Präsenz
present,vorhanden
presentation,Präsentation
presented,vorgestellt
presenting,präsentiert
presents,Geschenke
preserved,erhalten
presidential,Präsidentschaftswahlen
press,Presse
pressure,Druck
prestigious,renommierten
presumably,vermutlich
pretend,vorgeben
pretentious,anspruchsvoll
pretty,hübsch
prevent,verhindern
previous,Zurück
previously,zuvor
prey,Beute
price,Preis
primarily,inersterLinie
primary,Primär
princess,Prinzessin
principles,Grundsätze
print,print
printing,Drucken
prior,vor
prison,Gefängnis
prisoner,Gefangener
prisoners,Häftlinge
private,private
pro,pro
probably,wahrscheinlich
problem,Problem
problems,Probleme
process,Prozess
processes,Prozesse
produce,produzieren
produced,hergestellt
producer,Produzent
producers,Hersteller
producing,Produktion
product,Produkt
production,Produktion
products,Produkte
prof,prof
profanity,Profanität
professional,professionelle
professor,Professor
profound,tiefe
prog,prog
program,Programm
progress,Fortschritte
progressive,progressive
project,Projekt
prolific,fruchtbar
prom,prom
prominent,prominente
promised,versprochen
promising,vielversprechend
promote,Förderung
proof,Beweis
propaganda,Propaganda
proper,ordnungsgemäße
properly,richtig
properties,Eigenschaften
property,Eigentum
proportion,Anteil
protagonist,Protagonist
protest,Protest
proud,stolz
prove,beweisen
proved,bewiesen
proves,"beweist,"
provide,anbieten
provides,bietet
providing,Bereitstellung
provoking,provozieren
ps,ps
psychedelic,psychedelic
psychiatrist,Psychiater
psychic,psychischen
psycho,psycho
psychological,psychologische
public,Öffentlichkeit
publication,Veröffentlichung
publicity,Werbung
published,veröffentlicht
publisher,Verlag
publishing,Veröffentlichung
pull,Pull
pulled,zog
pulling,Ziehen
pulsating,pulsierenden
pulse,Puls
pun,pun
punch,Punsch
punctuation,Satzzeichen
punk,punk
punks,Punks
puppet,Marionette
purchase,kaufen
purchased,gekauft
purchasing,Einkauf
pure,reinen
purely,rein
purpose,Zweck
purposes,Zwecke
pursue,verfolgen
pursuing,Fortsetzung
pursuit,Verfolgung
push,Push
pushed,geschoben
pushing,Schieben
put,legen
puts,puts
putting,Putting
quaid,Quaid
qualified,qualifizierten
qualities,Qualitäten
quality,Qualität
quartet,Quartett
queen,Königin
quest,Suche
question,Frage
questions,Fragen
quick,schnell
quickly,schnell
quiet,still
quintet,Quintett
quit,beenden
quite,ziemlich
quote,Angebot
quoting,zitieren
r,r
r&b,r&b
r.i.p,rip
rabbit,Kaninchen
race,Rennen
races,Rennen
racist,rassistische
radical,radikale
radio,Radio
rain,Regen
rainy,regnerisch
raise,anheben
raised,hob
ralph,ralph
ramble,Wanderung
rambling,Wandern
ran,lief
random,random
randy,randy
range,Bereich
ranting,ranting
rap,rap
rape,Vergewaltigung
raped,vergewaltigt
rapidly,schnell
rapper,Rapper
rappers,Rapper
rapping,Klopfen
rare,selten
rarely,selten
rate,Rate
rated,bewertet
rates,Preise
rather,eher
rating,Bewertung
ratio,Verhältnis
rational,rationelle
raw,roh
ray,ray
raymond,raymond
rca,rca
re-mastered,re-mastered
re-recorded,re-recorded
reached,erreicht
react,reagieren
reaction,Reaktion
reactions,Reaktionen
read,lesen
reading,Lesung
readings,Lesungen
ready,bereit
real,real
real-world,derrealenWelt
realistic,realistisch
realistically,realistisch
realities,Realitäten
reality,Realität
realize,realisieren
realized,realisiert
really,wirklich
rear,hinten
reason,Grund
reasonably,vernünftigerweise
reasons,Gründe
reba,reba
rebel,Rebellen
reccomend,empfehlen
receive,erhalten
received,erhalten
receives,erhält
recent,bisherigen
recently,vorkurzem
recieved,erhalten
recipes,Rezepte
recognition,Anerkennung
recognizable,erkennbar
recognize,erkennen
recomend,empfehlen
recommend,empfehlen
recommendations,Empfehlungen
recommended,empfohlen
reconcile,inEinklangzubringen
record,Rekord
recorded,erfasst
recording,Aufnahme
recordings,Aufnahmen
records,Datensätze
recreate,neu
recycled,Recycling
red,rot
redeem,einlösen
redeeming,Einlösen
redgrave,Redgrave
reduces,reduziert
redundant,redundante
refer,beziehen
references,Referenzen
reflected,wider
reflection,Reflexion
reflective,reflektierenden
refreshing,erfrischende
refund,Erstattung
refuse,verweigern
refusing,Ablehnung
regard,Achtung
regardless,ungeachtet
regards,Grüße
region,Region
regret,Bedauern
regular,regelmäßige
regularly,regelmäßig
rehash,Aufguss
reissue,Neuauflage
reissued,neuaufgelegt
related,related
relates,betrifft
relations,Beziehungen
relationship,Beziehung
relationships,Beziehungen
relative,relativen
relatively,relativ
relax,Entspannung
relaxing,Entspannung
release,Freigabe
released,veröffentlicht
releases,Veröffentlichungen
relevant,einschlägigen
religion,Religion
religious,religiösen
relive,erleben
remain,bleiben
remained,blieb
remaining,verbleibenden
remains,bleibt
remake,Remake
remakes,Remakes
remarkable,Bemerkenswert
remarkably,bemerkenswert
remastered,remastered
remastering,Remastering
remember,erinnern
remembered,Erinnerung
remind,erinnern
reminded,erinnert
reminder,Erinnerung
reminds,erinnert
remix,remix
remixes,Remixe
remotely,remote
remove,entfernen
render,render
rendition,Überstellungen
rent,Mieten
rented,vermietet
renting,Vermietung
repeat,wiederholen
repeated,wiederholt
repeating,Wiederholung
repeats,wiederholt
repetition,Wiederholung
repetitive,repetitive
replace,ersetzen
replaced,Fassung
replacement,Ersatz
report,Bericht
reporting,Berichterstattung
represent,stellen
representative,Vertreter
represented,vertreten
represents,stellt
republic,Republik
republican,republikanische
reputation,Ruf
required,erforderlich
rescue,Rettung
researching,Recherche
resembles,gleicht
resist,widerstehen
resolve,beheben
resolved,gelöst
resource,Ressource
respect,Achtung
respectable,respektablen
respectively,bzw.
responsible,verantwortlich
rest,Rest
restored,restauriert
result,Ergebnis
results,Ergebnisse
retarded,verzögert
retreat,Rückzug
return,zurück
returned,zurück
returns,Renditen
reveal,enthüllen
revealing,enthüllt
reveals,enthüllt
revelation,Offenbarung
revenge,Rache
reverb,Reverb
reverse,reverse
review,Revision
reviewer,Gutachter
reviewers,Kritiken
reviews,Bewertungen
revolting,widerlich
revolution,Revolution
revolutionary,revolutionäre
rewarding,Belohnung
rhymes,Reime
rhythm,Rhythmus
rhythms,Rhythmen
rich,reich
richard,richard
rid,los
ride,reiten
rider,Fahrer
rides,Fahrten
ridiculous,lächerlich
ridiculously,lächerlich
riding,Reiten
riff,riff
riffs,Riffs
right,richtig
rights,Rechte
rio,rio
riot,Aufruhr
rip,rip
rip-off,rip-off
ripoff,Gaunerei
ripped,gerippt
rise,ansteigen
rising,steigende
road,Straße
rob,rob
robbed,beraubt
robbery,Raub
robert,robert
robin,robin
robot,Roboter
rock,rock
rocker,Rocker
rockers,Rocker
rocket,Rakete
rocks,Felsen
rocky,felsigen
rodgers,Rodgers
roger,roger
rogers,Rogers
role,Rolle
roles,Rollen
roll,roll
roller,Walze
rolling,Walzen
roman,roman
romance,Romantik
romantic,Romantik
rome,rom
romero,romero
ronald,ronald
ronnie,ronnie
roof,Dach
room,Raum
roommate,Mitbewohner
root,root
roots,Wurzeln
rose,stieg
ross,ross
rotten,morsch
rough,rau
roughly,etwa
round,Runde
rourke,Rourke
route,Route
row,Reihe
roy,roy
royal,royal
rubbish,Müll
ruin,Ruine
ruined,ruiniert
ruining,ruinieren
ruins,Ruinen
rule,Regel
rules,Regeln
run,laufen
run-of-the-mill,Run-of-the-mill
running,Laufen
runs,läuft
rush,rush
rushed,stürzte
russell,russell
ruthless,rücksichtslose
ryder,Ryder
s,s
sad,traurig
sade,sade
sadly,traurig
sadness,Trauer
safety,Sicherheit
said,gesagt
sake,Interesse
sale,Verkauf
sally,sally
salsa,Salsa
same,gleich
sample,Beispiel
sampler,Sampler
samples,Proben
sampling,Probenahme
san,san
sang,sang
santa,santa
santana,santana
sappy,saftige
sarah,sarah
sat,SA
satisfying,befriedigend
saturday,Samstag
save,sichern
saved,gespeichert
saves,spart
saving,Speichern
saw,Säge
saxophone,Saxophon
say,sagen
saying,sagen
says,sagt
scare,scare
scared,verängstigt
scares,Ängste
scarier,Schauergeschichten
scary,scary
scattered,verstreut
scenario,Szenario
scene,Szene
scenery,Landschaft
scenes,Szenen
schedule,Zeitplan
scheme,Regelung
school,Schule
sci-fi,Sci-Fi
science,Wissenschaft
scientist,Wissenschaftler
scope,Umfang
score,Gäste
scored,erzielte
scores,Noten
scott,scott
scratch,kratzen
scratching,Kratzen
scratchy,kratzig
screaming,schreien
screams,Schreie
screen,Bildschirm
screenplay,Drehbuch
screwball,Screwball
script,script
scripture,Schrift
scroll,blättern
sea,Meer
search,Suche
searching,Benutzer
season,Saison
seasons,Jahreszeiten
seattle,seattle
second,Sekunden
secondly,zweitens
seconds,Sekunden
secret,Geheimnis
secretary,Sekretärin
secrets,Geheimnisse
section,Abschnitt
sections,Sektionen
seductive,verführerisch
see,sehen
seeing,Sehen
seek,erstreben
seeking,suchen
seem,scheinen
seemed,schien
seems,scheint
seen,gesehen
sees,sieht
segment,Segment
selected,ausgewählt
selection,Auswahl
selections,Selektionen
self,Selbst
self-indulgent,zügellos
selfish,selbstsüchtig
sell,verkaufen
seller,Verkäufer
selling,Verkauf
sells,verkauft
send,senden
sending,Senden
sends,sendet
sense,Sinn
sensibility,Sinnlichkeit
sensitive,sensiblen
sensual,sinnlich
sent,gesendet
sentence,Satz
sentences,Sätze
sentiment,Stimmung
sentiments,Gefühle
sepultura,sepultura
sequel,Fortsetzung
sequels,Fortsetzungen
sequence,Sequenz
sequences,Sequenzen
series,Serie
serious,schweren
seriously,ernst
served,serviert
service,Service
session,Tagung
sessions,Sitzungen
set,festlegen
set-up,Set-up
sets,Sets
setting,Einstellung
settings,Einstellungen
settle,regeln
seven,sieben
seventh,siebten
seventies,siebzigerJahre
several,mehrere
severe,schweren
severely,schwer
sex,sex
sexist,sexistischen
sexual,sexuellen
sexy,sexy
shade,Schatten
shadow,Schatten
shadows,Schatten
shady,schattigen
shakespeare,shakespeare
shaky,wackelig
shallow,seicht
shame,Schande
shape,Form
share,Anteil
shares,Aktien
sharing,Austausch
sharp,scharf
she,sie
shed,Schuppen
sheer,schieren
sheriff,Sheriff
shift,Schicht
shine,Glanz
shines,glänzt
shining,shining
ship,Schiff
shipping,Versand
ships,Schiffe
shock,Schock
shocked,schockiert
shocking,schockierend
shoes,Schuhe
shoot,schießen
shooting,Schießen
shoots,Triebe
shop,Shop
shopping,Warenkorb
short,kurz
shorter,kürzer
shortly,kurz
shot,shot
shots,Schüsse
should,sollen
shouting,schreien
show,zeigen
showcases,Vitrinen
showdown,Showdown
showed,zeigte
showing,Anzeigen
shown,gezeigt
shows,zeigt
sick,krank
sickness,Krankheit
side,Seite
sidekick,Sidekick
sides,Seiten
sidney,sidney
sign,Anmelden
signed,unterzeichnet
significance,Bedeutung
signs,Zeichen
silence,Schweigen
silent,schweigen
silly,albern
silver,Silber
similar,ähnlich
similarly,ähnlich
simple,einfache
simplistic,vereinfachend
simply,einfach
simpson,simpson
simultaneously,gleichzeitig
sin,sin
since,seit
sing,singen
singer,Sänger
singers,Sänger
singing,Singen
single,einzeln
singles,Singles
sings,singt
sissy,sissy
sister,Schwester
sisters,Schwestern
sit,sitzen
site,Website
sites,Websites
sitting,Sitzung
situation,Lage
situations,Situationen
six,sechs
sixties,sechzigerJahre
size,Größe
skeleton,Skelett
skill,Fertigkeit
skills,Fertigkeiten
skimmed,Magermilch
skin,Haut
skip,überspringen
skipping,Überspringen
skits,Sketche
sky,Himmel
slang,slang
slap,Ohrfeige
slave,slavey
sleep,schlafen
sleeping,Schlafen
slightly,leicht
slim,dünn
slip,slip
sloppy,schlampig
slow,langsam
slower,langsamer
slowly,langsam
slows,verlangsamt
sly,schlau
small,klein
smaller,kleinere
smart,gerissen
smarter,intelligentere
smash,smash
smashing,smashing
smile,lächeln
smith,smith
smoke,Rauch
smokin,smokin
smoking,Rauchen
smooth,glatt
sneak,schleichen
snipes,Snipes
snl,snl
snow,Schnee
so,so
so-called,sogenannten
so-so,so-so
soaring,Soaring
social,sozialen
society,Gesellschaft
soft,weichen
softcore,softcore
softer,weicher
sold,verkauft
solely,ausschließlich
solid,solide
solo,solo
soloing,Solo
soloists,Solisten
solos,Soli
solution,Lösung
solve,lösen
solved,gelöst
somber,düster
some,einige
somebody,jemand
somehow,irgendwie
someone,jemand
something,etwas
sometimes,manchmal
somewhat,etwas
somewhere,irgendwo
son,Sohn
song,Lied
songbook,Liederbuch
songs,Titel
songwriter,Songwriter
songwriters,Songwriter
songwriting,Songwriting
sonic,sonic
sonny,Sonny
sony,sony
soon,bald
soooo,soooo
soothing,beruhigende
sorely,schmerzlich
sorry,bekümmert
sort,Art
sorts,Art
soul,Seele
soulful,soulful
soulless,seelenlos
souls,Seelen
sound,Sound
sounded,klang
sounding,klingende
sounds,Sounds
soundtrack,Soundtrack
source,Quelle
south,Süden
southern,südlichen
soviet,Sowjet
space,Raum
span,span
spare,Ersatzteile
spark,Funke
sparse,sparse
speak,sprechen
speaking,Sprechen
speaks,spricht
special,besondere
specific,spezifischen
spectacular,spektakuläre
speed,Geschwindigkeit
spell,Zauber
spelling,Rechtschreibung
spend,ausgeben
spends,verbringt
spent,verbracht
spin,Spin
spinal,Wirbelsäule
spine,Wirbelsäule
spinning,Spinnerei
spirit,Geist
spirited,temperamentvoll
spiritual,geistigen
spirituality,Spiritualität
spite,Trotz
splendid,herrliche
split,aufteilen
spoiled,verdorben
spoiler,Spoiler
spoke,sprach
spoken,gesprochen
sports,Sport
spot,Ort
spotlight,Rampenlicht
spree,spree
spring,Frühling
sprinkled,bestreut
squeeze,Squeeze
srv,srv
ss,ss
st,str
staff,Personal
stage,Bühne
stale,schal
stallone,stallone
stan,stan
stand,stehen
stand-up,Stand-up
standard,Standard
standards,Standards
standing,Stehen
standout,standout
standouts,standouts
standpoint,Standpunkt
stands,steht
stanley,stanley
staple,Grundnahrungsmittel
star,Stern
staring,starrte
stark,Stark
starring,Darsteller
stars,Sternen
start,Start
started,begonnen
starting,ab
starts,beginnt
state,Staat
statement,Aussage
statements,Aussagen
states,Staaten
static,statische
station,Bahnhof
status,Status
stay,bleiben
staying,Aufenthalt
stays,Aufenthalte
steady,Steady
steal,stehlen
stealing,Stehlen
steel,Stahl
steely,stählernen
stellar,stellaren
step,Schritt
stephen,stephen
stereo,Stereo
stereotype,Stereotyp
stereotypes,Stereotypen
stereotypical,stereotypen
sterling,Sterling
steve,steve
steven,steven
stevie,stevie
stewart,Stewart
stick,Stock
sticking,Kleben
sticks,Stöcke
stiff,steif
still,immernoch
stiller,Stiller
stilted,gestelzt
stinker,stinker
stinks,stinkt
stirring,Rühren
stock,Lager
stoker,Heizer
stole,gestohlen
stomach,Magen
stone,Stein
stood,stand
stop,stoppen
store,lagern
stores,Shops
stories,Geschichten
storm,Sturm
story,Geschichte
storyline,Storyline
storylines,Storylines
storyteller,Erzähler
straight,gerade
straightforward,einfach
straits,Meerengen
strange,merkwürdig
strangely,seltsam
strangers,Fremde
street,Straße
strength,Stärke
stress,Stress
stretch,stretch
strikes,Streiks
striking,auffallend
string,string
strings,Saiten
stripped,entkleidet
strokes,Striche
strong,stark
stronger,stärker
strongest,stärksten
strongly,stark
struck,geschlagen
structures,Strukturen
struggle,Kampf
struggles,Kämpfe
struggling,kämpfen
stuck,geklebt
student,Student
students,Studenten
studio,Studio
studying,Studium
stuff,Zeug
stumbles,stolpert
stunned,betäubt
stunning,stunning
stupid,blöd
stupidest,dümmste
stupidity,Dummheit
style,Stil
styles,Stile
stylish,stilvollen
subdued,gedämpft
subject,Subjekt
subjected,unterzogen
subjective,subjektiven
subpar,subpar
subsequent,spätere
substance,Stoff
subtitles,Untertitel
subtle,subtilen
succeeded,gelungen
succeeds,gelingt
success,Erfolg
successful,erfolgreich
successfully,erfolgreich
such,solch
suck,saugen
sucked,gesaugt
sucks,sucks
sudden,plötzliche
suddenly,plötzlich
suffer,leiden
suggest,schlagen
suggested,vorgeschlagen
suggestion,Vorschlag
suggests,schlägtvor
suicide,Selbstmord
suit,Anzug
suite,Suite
suited,geeignet
summary,Zusammenfassung
summer,Sommer
sun,Sonne
sung,gesungen
sunrise,Sonnenaufgang
sunset,Sonnenuntergang
super,super
superb,superb
superbly,hervorragend
superficial,oberflächlich
superior,superior
supernatural,übernatürliche
superstar,Superstar
supplement,Ergänzung
supply,beliefern
support,unterstützen
supporting,Unterstützung
suppose,Angenommen
supposed,soll
supposedly,angeblich
supreme,höchste
sure,sicher
surely,sicher
surface,Oberfläche
surgery,Chirurgie
surprise,Überraschung
surprised,überrascht
surprises,Überraschungen
surprising,überraschend
surprisingly,überraschend
surrender,Kapitulation
surround,Surround
surrounded,umgeben
surroundings,Umgebung
survive,überleben
survived,überlebt
survivor,Hinterbliebenenrente
suspect,Verdacht
suspected,Verdacht
suspend,aussetzen
suspense,Spannung
suspenseful,spannend
sweat,Schweiß
sweet,süß
swim,schwimmen
swing,Swing
swinging,geschwungen
switch,Schalter
sympathetic,sympathisch
symphonic,symphonische
symphonies,Symphonien
symphony,Symphonie
synth,Synthesizer
synthesizer,Synthesizer
synths,Synthesizer
system,System
t,t
t.v,tv
tad,tad
take,nehmen
taken,getroffen
takes,nimmt
taking,unter
tale,Geschichte
talent,Talent
talented,talentierten
talentless,unbegabt
tales,Märchen
talk,sprechen
talked,sprachen
talking,sprechen
talks,Gespräche
tap,TippenSieauf
tape,Band
tapes,Bänder
target,Ziel
taste,Geschmack
tasteful,geschmackvolle
tastes,Geschmack
tasty,schmackhafte
taxes,Steuern
taylor,taylor
tea,Tee
teach,lehren
teacher,Lehrer
teachers,Lehrer
teaches,lehrt
team,Team
tear,Träne
tears,Tränen
technical,technischen
technique,Technik
techniques,Techniken
ted,ted
tedious,langweilig
teenage,Teenager
teenager,Teenager
teenagers,Teenager
teens,teens
teeth,Zähne
television,Fernsehen
tell,erzählen
telling,sagen
tells,erzählt
tempo,Tempo
temporary,vorübergehend
ten,zehn
tendencies,Tendenzen
tendency,Tendenz
tender,Ausschreibung
tends,Tendenz
tenor,Tenor
tense,angespannt
tension,Spannung
tenth,zehnte
terminator,Terminator
terms,Bedingungen
terrible,schrecklich
terribly,schrecklich
terrific,terrific
terrifying,erschreckend
terror,Terror
terry,Frottee
test,Test
testament,Testament
testing,Tests
tests,Tests
texas,texas
text,Text
texts,Texte
tha,tha
than,als
thank,danke
thanks,Danke
that,das
thats,thats
the,der
theater,Theater
theatre,Theater
their,ihr
theirs,ihrigen
them,sie
theme,Thema
themes,Themen
themselves,sich
then,dann
theological,theologischen
therapist,Therapeuten
therapy,Therapie
there,dort
therefore,deshalb
these,diese
thesis,These
they,sie
thick,dick
thier,ihr
thin,dünn
thing,Ding
things,Dinge
think,denken
thinking,Denken
thinks,denkt
third,dritten
this,dies
thomas,thomas
thompson,Thompson
thorough,gründliche
thoroughly,gründlich
those,diese
though,obwohl
thought,Gedanke
thoughtful,nachdenklich
threat,Bedrohung
three,drei
threw,warf
thrill,Nervenkitzel
thrilled,begeistert
thriller,Thriller
thrillers,Thriller
thrills,Nervenkitzel
through,durch
throughout,durchweg
throw,werfen
throwing,Werfen
thrown,geworfen
thru,durch
thug,Schläger
thugs,Schläger
thurman,Thurman
thus,also
ticket,Ticket
ties,Bindungen
tight,eng
til,til
till,bis
tim,tim
time,Zeit
timeless,zeitlose
timely,rechtzeitige
times,Mal
timing,Timing
timothy,timothy
tiny,tiny
tip,Spitze
tips,Tipps
tire,Reifen
tired,müde
tiresome,langweilig
title,Titel
titled,Titel
to,zu
today,heute
todd,todd
together,zusammen
told,erzählt
tolerable,erträglich
tom,tom
tommy,tommy
tone,Ton
tonight,heute
tons,t
tony,tony
too,auch
took,nahm
tool,Werkzeug
top,Spitze
topic,Thema
topics,Themen
topped,Spitze
torture,Folter
toss,werfen
total,insgesamt
totally,völlig
touch,Kontakt
touched,berührt
touches,berührt
touching,Berühren
tough,rau
tour,Tour
touring,Touristik
toward,gegen
towards,inRichtung
town,Stadt
towns,Städte
toys,Spielzeug
track,Spur
tracks,Titel
tracy,tracy
trade,Handel
trademark,Marke
traditional,traditionellen
traffic,Verkehr
tragedy,Tragödie
tragic,tragische
trailer,Anhänger
train,Zug
trainer,Trainer
training,Training
transfer,Transfer
transformation,Transformation
transformed,verwandelt
transforms,verwandelt
trap,Trap
trapped,gefangen
trash,Papierkorb
travels,Reisen
travesty,Travestie
treasure,Schatz
treat,behandeln
treated,behandelt
treatment,Behandlung
trees,Bäume
trek,Wanderung
tremendous,enorme
trends,Trends
triangle,Dreieck
tribal,tribal
tribulation,Trübsal
tribute,Tribut
trick,Trick
tried,versucht
tries,versucht
trio,Trio
trip,Reise
tripe,Kutteln
trippy,trippy
trite,banal
triumph,Triumph
trouble,Ärger
troubled,beunruhigte
troubles,Unruhen
true,WAHR
truly,wirklich
trumpet,Trompete
trust,vertrauen
truth,Wahrheit
try,versuchen
trying,versuchen
tune,tune
tuned,abgestimmt
tunes,Melodien
tupac,tupac
turn,wiederum
turned,wandtesich
turning,Drehen
turns,dreht
tv,tv
twentieth,zwanzigster
twice,zweimal
twist,twist
twists,Drehungen
two,zwei
type,Typ
types,Typen
typical,typischen
typically,typischerweise
typos,Tippfehler
u,u
u.s,uns
ugh,ugh
ugly,hässlich
uh,uh
ultimate,ultimative
ultimately,letztlich
ultra,ultra
um,um
uma,uma
un,un
unable,nichtinderLage
unattractive,unattraktiv
unbearable,unerträglich
unbelievable,unglaublich
unbelievably,unglaublich
unbiased,unvoreingenommene
undeniable,unbestreitbare
undeniably,unleugbar
under,unter
undercover,undercover
underground,U-Bahn
underrated,underrated
understand,verstehen
understandable,verständlich
understanding,Verständnis
understands,versteht
understood,verstanden
uneven,uneben
unexpected,unerwartete
unfold,entfalten
unfolds,entfaltet
unforgettable,unvergesslichen
unfortunate,unglücklich
unfortunately,leider
unfunny,komisch
uninspired,einfallslos
uninspiring,uninspiring
unintentionally,unabsichtlich
uninteresting,uninteressant
unique,einzigartige
uniquely,einmalig
united,vereinigt
universal,Universal
unless,esseidenn
unlikable,unsympathisch
unlike,imGegensatzzu
unlikely,unwahrscheinlich
unlistenable,unlistenable
unmemorable,unmemorable
unnecessary,unnötige
unoriginal,unoriginell
unpredictable,unberechenbar
unrated,Rating
unreadable,unlesbar
unsatisfying,unbefriedigend
unseen,unseen
unsettling,beunruhigend
unsuspecting,ahnungslose
until,bis
unusual,ungewöhnlich
unwatchable,unwatchable
up,nachoben
upbeat,optimistisch
updated,Aktualisiert
uplifting,uplifting
upon,nach
upper,oberen
upset,aufgebracht
uptempo,Uptempo
us,uns
usa,usa
use,verwenden
used,verwendet
useless,nutzlos
uses,verwendet
using,mit
usual,üblichen
usually,normalerweise
utmost,äußerste
utter,aussprechen
utterly,völlig
v,v
vacation,Urlaub
vague,vage
vain,vergeblich
val,val
valley,Tal
valuable,wertvolle
value,Wert
values,Werte
vampire,Vampir
van,van
vanessa,Vanessa
vapid,schal
variables,Variablen
variation,Variation
variations,Variationen
varied,variiert
variety,Vielfalt
various,verschiedenen
vary,variieren
vastly,weit
vegas,vegas
vein,Vene
velvet,Samt
venture,Venture
verdict,Urteil
versatile,vielseitig
verse,Vers
version,Version
versions,Versionen
versus,versus
verve,Verve
very,sehr
veteran,Veteran
vhs,vhs
via,via
vibe,Vibe
vibrant,pulsierenden
vicious,Teufelskreis
victims,Opfer
victorian,victorian
video,Video
videos,Videos
view,anzeigen
viewer,Viewer
viewers,Zuschauer
viewing,Anzeige
views,Ansichten
village,Dorf
villain,Bösewicht
vintage,vintage
violence,Gewalt
violent,Gewalt
violin,Violine
virgin,Jungfrau
virtually,praktisch
virtue,Tugend
virtuosity,Virtuosität
vision,Vision
visions,Visionen
visited,besucht
visits,Besuche
visual,visual
vivid,lebendig
vividly,lebhaft
vocabulary,Wortschatz
vocal,vocal
vocalist,Sänger
vocalists,Sänger
vocally,stimmlich
vocals,Gesang
voice,Stimme
voices,Stimmen
void,void
volume,Volumen
volumes,Volumen
vs,vs
vulgar,vulgär
w,w
w/,w/
wack,wack
wacky,Wacky
wait,warten
waited,wartete
waiting,warten
waits,wartet
wake,wake
walk,gehen
walked,ging
walker,walker
walking,Walking
walks,Spaziergänge
wall,Wand
walls,Wände
waltz,Walzer
wanders,wandert
wanna,wollen
wannabe,Möchtegern
want,wollen
wanted,gesucht
wanting,wollen
wants,will
war,Krieg
warfare,Kriegsführung
warm,warm
warned,gewarnt
warner,Warner
warning,Warnung
warrant,Haftbefehl
wars,Kriege
was,war
washington,Washington
waste,Abfall
wasted,verschwendet
wasting,Verschwendung
watch,Armbanduhr
watchable,watchable
watched,sah
watches,Uhren
watching,beobachten
water,Wasser
watered,bewässert
wave,Welle
waves,Wellen
way,Weg
wayne,wayne
ways,Möglichkeiten
we,wir
weak,schwach
weakness,Schwäche
wealth,Reichtum
weapons,Waffen
weather,Wetter
weaves,webt
wedding,Hochzeit
week,Woche
weeks,Woche
weird,eigenartig
welcome,Willkommen
welfare,Tierschutz
well,gut
well-done,well-done
well-known,bekannte
well-written,gutgeschrieben
went,ging
were,waren
wesley,wesley
west,Westen
western,westlichen
wet,nass
what,was
whatever,wasauchimmer
whatsoever,überhaupt
wheel,Rad
when,wann
where,wo
whereas,"inderErwägung,"
whether,ob
which,welcher
while,während
whining,Jammern
whiny,weinerlich
white,weiß
who,wer
whoever,wer
whole,ganz
whom,wen
whose,deren
why,warum
wicked,böse
wide,breit
widely,weit
widescreen,Breitbild
wife,Ehefrau
wild,wild
wildly,wild
will,werden
william,william
williams,williams
willing,bereit
wilson,wilson
win,win
wind,Wind
window,Fenster
windows,Fenster
wine,Wein
winner,Gewinner
winning,gewinnen
winters,Winter
wisdom,Weisheit
wish,Wunsch
wit,wit
witches,Hexen
with,mit
within,innerhalb
without,ohne
witness,Zeuge
witnesses,Zeugen
witty,witzig
wo,r
wolf,Wolf
woman,Frau
women,Frauen
won,gewonnen
wonder,Wunder
wonderful,wundervoll
wonderfully,wunderbar
wong,wong
wont,pflegen
wood,Holz
wooden,Holz
woods,Wald
word,Wort
words,Worte
wordy,wortreich
work,Arbeit
worked,gearbeitet
workers,Arbeitnehmer
working,arbeiten
workout,Workout
workouts,Workouts
works,Werke
world,Welt
worlds,Welten
worn,getragen
worry,Sorge
worse,schlimmer
worst,schlimmsten
worth,Wert
worthless,wertlos
worthwhile,lohnt
worthy,würdig
would,würde
would-be,Möchtegern-
wow,wow
wrap,wickeln
wreck,Wrack
wretched,elend
write,schreiben
writer,Schriftsteller
writers,Schriftsteller
writes,schreibt
writing,schriftlich
written,geschrieben
wrong,falsch
wrote,schrieb
wry,schiefes
wtf,wtf
wwe,wwe
wwii,wwii
x,x
y,y
ya,ya
yawn,Gähnen
yeah,yeah
year,Jahr
years,Jahr
yellow,gelb
yes,ja
yesterday,gestern
yet,noch
yoga,Yoga
yoko,yoko
york,york
you,du
young,jung
younger,jünger
your,dein
yours,verkaufen
yourself,Sie
youth,Jugend
yuck,yuck
zapped,zapped
zen,zen
zero,Null
zombie,Zombie
zone,Zone
